<?xml version="1.0" encoding="UTF-8"?><?xml-stylesheet type='text/xsl' href='_UpgradeReport_Files/UpgradeReport.xslt'?><UpgradeLog>
<Properties><Property Name="Solution" Value="Game Project">
</Property><Property Name="Solution File" Value="C:\Users\John\Desktop\Game Project\Game Project.sln">
</Property><Property Name="User Options File" Value="C:\Users\John\Desktop\Game Project\Game Project.suo">
</Property><Property Name="Date" Value="Monday, May 23, 2011">
</Property><Property Name="Time" Value="21:08 PM">
</Property></Properties><Event ErrorLevel="0" Project="" Source="Game Project.sln" Description="File successfully backed up as C:\Users\John\Desktop\Game Project\Game Project.sln.old">
</Event><Event ErrorLevel="0" Project="" Source="Game Project.suo" Description="File successfully backed up as C:\Users\John\Desktop\Game Project\Game Project.suo.old">
</Event><Event ErrorLevel="0" Project="Game Project" Source="Game Project.vcproj" Description="Converting project file 'C:\Users\John\Desktop\Game Project\Game Project.vcproj'.">
</Event><Event ErrorLevel="1" Project="Game Project" Source="Game Project.vcproj" Description="This application has been updated to include settings related to the User Account Control (UAC) feature of Windows Vista. By default, when run on Windows Vista with UAC enabled, this application is marked to run with the same privileges as the process that launched it. This marking also disables the application from running with virtualization. You can change UAC related settings from the Property Pages of the project.">
</Event><Event ErrorLevel="1" Project="Game Project" Source="Game Project.vcproj" Description="VCWebServiceProxyGeneratorTool is no longer supported. The tool has been removed from your project settings.">
</Event><Event ErrorLevel="1" Project="Game Project" Source="Game Project.vcproj" Description="Attribute 'Detect64BitPortabilityProblems' of 'VCCLCompilerTool' is not supported in this version and has been removed during conversion.">
</Event><Event ErrorLevel="0" Project="Game Project" Source="Game Project.vcproj" Description="Web deployment to the local IIS server is no longer supported. The Web Deployment build tool has been removed from your project settings.">
</Event><Event ErrorLevel="1" Project="Game Project" Source="Game Project.vcproj" Description="Attribute 'Detect64BitPortabilityProblems' of 'VCCLCompilerTool' is not supported in this version and has been removed during conversion.">
</Event><Event ErrorLevel="0" Project="Game Project" Source="Game Project.vcproj" Description="Done converting to new project file 'C:\Users\John\Desktop\Game Project\Game Project.vcxproj'.">
</Event><Event ErrorLevel="3" Project="Game Project" Source="Game Project.vcproj" Description="Converted">
</Event><Event ErrorLevel="0" Project="" Source="Game Project.sln" Description="Solution converted successfully">
</Event><Event ErrorLevel="3" Project="" Source="Game Project.sln" Description="Converted">
</Event></UpgradeLog>